sep=,
NKChart
X of n [Wavelength (nm)],n - n,X of k [Wavelength (nm)],k - k,X of nodes [Wavelength (nm)],nodes - k
949.861845046817,1.90594374665139,949.861845046817,0,,
949.075788174938,1.90596491347011,949.075788174938,0,,
948.289731303059,1.90598613643291,948.289731303059,0,,
947.50367443118,1.90600741574183,947.50367443118,0,,
946.717617559296,1.90602875159988,946.717617559296,0,,
945.931560687416,1.90605014421096,945.931560687416,0,,
945.145503815532,1.90607159377993,945.145503815532,0,,
944.359446943657,1.90609310051257,944.359446943657,0,,
943.573390071771,1.90611466461562,943.573390071771,0,,
942.787333199894,1.90613628629678,942.787333199894,0,,
942.001276328014,1.90615796576469,942.001276328014,0,,
941.21521945613,1.90617970322896,941.21521945613,0,,
940.429162584253,1.90620149890015,940.429162584253,0,,
939.643105712369,1.90622335298983,939.643105712369,0,,
938.857048840492,1.90624526571051,938.857048840492,0,,
938.070991968611,1.9062672372757,938.070991968611,0,,
937.284935096727,1.90628926789991,937.284935096727,0,,
936.498878224845,1.90631135779864,936.498878224845,0,,
935.712821352963,1.90633350718836,935.712821352963,0,,
934.926764481084,1.9063557162866,934.926764481084,0,,
934.140707609202,1.90637798531185,934.140707609202,0,,
933.354650737323,1.90640031448366,933.354650737323,0,,
932.568593865444,1.90642270402258,932.568593865444,0,,
931.782536993563,1.9064451541502,931.782536993563,0,,
930.996480121682,1.90646766508913,930.996480121682,0,,
930.210423249798,1.90649023706303,930.210423249798,0,,
929.424366377918,1.90651287029663,929.424366377918,0,,
928.638309506041,1.90653556501567,928.638309506041,0,,
927.852252634154,1.90655832144698,927.852252634154,0,,
927.066195762279,1.90658113981845,927.066195762279,0,,
926.280138890394,1.90660402035904,926.280138890394,0,,
925.494082018515,1.90662696329877,925.494082018515,0,,
924.708025146633,1.90664996886878,924.708025146633,0,,
923.92196827475,1.90667303730127,923.92196827475,0,,
923.13591140287,1.90669616882955,923.13591140287,0,,
922.349854530989,1.90671936368803,922.349854530989,0,,
921.563797659112,1.90674262211223,921.563797659112,0,,
920.777740787233,1.90676594433877,920.777740787233,0,,
919.991683915347,1.90678933060542,919.991683915347,0,,
919.205627043466,1.90681278115105,919.205627043466,0,,
918.419570171587,1.9068362962157,918.419570171587,0,,
917.633513299707,1.90685987604051,917.633513299707,0,,
916.847456427828,1.9068835208678,916.847456427828,0,,
916.061399555944,1.90690723094103,916.061399555944,0,,
915.275342684068,1.90693100650483,915.275342684068,0,,
914.489285812183,1.90695484780498,914.489285812183,0,,
913.703228940306,1.90697875508847,913.703228940306,0,,
912.917172068421,1.90700272860344,912.917172068421,0,,
912.131115196539,1.90702676859922,912.131115196539,0,,
911.34505832466,1.90705087532637,911.34505832466,0,,
910.559001452782,1.9070750490366,910.559001452782,0,,
909.7729445809,1.90709928998289,909.7729445809,0,,
908.986887709018,1.90712359841938,908.986887709018,0,,
908.200830837137,1.90714797460148,908.200830837137,0,,
907.414773965257,1.9071724187858,907.414773965257,0,,
906.628717093373,1.90719693123021,906.628717093373,0,,
905.842660221493,1.90722151219381,905.842660221493,0,,
905.056603349615,1.90724616193696,905.056603349615,0,,
904.270546477733,1.9072708807213,904.270546477733,0,,
903.484489605854,1.9072956688097,903.484489605854,0,,
902.698432733971,1.90732052646633,902.698432733971,0,,
901.912375862091,1.90734545395664,901.912375862091,0,,
901.126318990209,1.90737045154738,901.126318990209,0,,
900.340262118332,1.90739551950659,900.340262118332,0,,
899.554205246451,1.9074206581036,899.554205246451,0,,
898.768148374568,1.90744586760909,898.768148374568,0,,
897.982091502687,1.90747114829503,897.982091502687,0,,
897.196034630807,1.90749650043474,897.196034630807,0,,
896.409977758926,1.90752192430288,896.409977758926,0,,
895.623920887047,1.90754742017542,895.623920887047,0,,
894.837864015166,1.90757298832974,894.837864015166,0,,
894.051807143283,1.90759862904454,894.051807143283,0,,
893.265750271401,1.90762434259991,893.265750271401,0,,
892.479693399519,1.90765012927732,892.479693399519,0,,
891.693636527642,1.9076759893596,891.693636527642,0,,
890.907579655761,1.90770192313101,890.907579655761,0,,
890.121522783879,1.90772793087721,890.121522783879,0,,
889.335465911995,1.90775401288524,889.335465911995,0,,
888.54940904012,1.9077801694436,888.54940904012,0,,
887.763352168239,1.90780640084219,887.763352168239,0,,
886.977295296358,1.90783270737238,886.977295296358,0,,
886.191238424472,1.90785908932695,886.191238424472,0,,
885.405181552597,1.90788554700016,885.405181552597,0,,
884.619124680712,1.90791208068774,884.619124680712,0,,
883.833067808829,1.90793869068686,883.833067808829,0,,
883.047010936954,1.90796537729621,883.047010936954,0,,
882.26095406507,1.90799214081596,882.26095406507,0,,
881.474897193188,1.90801898154776,881.474897193188,0,,
880.688840321311,1.9080458997948,880.688840321311,0,,
879.902783449428,1.90807289586178,879.902783449428,0,,
879.116726577545,1.90809997005492,879.116726577545,0,,
878.330669705665,1.90812712268197,878.330669705665,0,,
877.544612833786,1.90815435405226,877.544612833786,0,,
876.758555961908,1.90818166447665,876.758555961908,0,,
875.972499090024,1.90820905426757,875.972499090024,0,,
875.186442218145,1.90823652373904,875.186442218145,0,,
874.400385346261,1.90826407320664,874.400385346261,0,,
873.614328474383,1.90829170298758,873.614328474383,0,,
872.828271602502,1.90831941340064,872.828271602502,0,,
872.042214730619,1.90834720476624,872.042214730619,0,,
871.25615785874,1.90837507740643,871.25615785874,0,,
870.470100986858,1.90840303164487,870.470100986858,0,,
869.684044114978,1.90843106780688,869.684044114978,0,,
868.897987243097,1.90845918621945,868.897987243097,0,,
868.111930371218,1.90848738721121,868.111930371218,0,,
867.325873499333,1.90851567111249,867.325873499333,0,,
866.539816627452,1.90854403825529,866.539816627452,0,,
865.753759755572,1.90857248897332,865.753759755572,0,,
864.967702883694,1.908601023602,864.967702883694,0,,
864.181646011815,1.90862964247845,864.181646011815,0,,
863.395589139931,1.90865834594155,863.395589139931,0,,
862.609532268048,1.90868713433189,862.609532268048,0,,
861.823475396168,1.90871600799184,861.823475396168,0,,
861.03741852429,1.90874496726552,861.03741852429,0,,
860.251361652407,1.90877401249882,860.251361652407,0,,
859.46530478053,1.90880314403941,859.46530478053,0,,
858.679247908649,1.90883236223679,858.679247908649,0,,
857.893191036764,1.90886166744224,857.893191036764,0,,
857.107134164888,1.90889106000885,857.107134164888,0,,
856.321077293004,1.90892054029157,856.321077293004,0,,
855.535020421123,1.90895010864718,855.535020421123,0,,
854.748963549242,1.90897976543431,854.748963549242,0,,
853.962906677359,1.90900951101346,853.962906677359,0,,
853.176849805481,1.90903934574701,853.176849805481,0,,
852.390792933602,1.90906926999923,852.390792933602,0,,
851.604736061721,1.90909928413629,851.604736061721,0,,
850.818679189836,1.90912938852628,850.818679189836,0,,
850.032622317958,1.90915958353922,850.032622317958,0,,
849.246565446076,1.90918986954706,849.246565446076,0,,
848.460508574198,1.90922024692369,848.460508574198,0,,
847.674451702313,1.909250716045,847.674451702313,0,,
846.888394830437,1.90928127728883,846.888394830437,0,,
846.102337958556,1.90931193103501,846.102337958556,0,,
845.316281086675,1.90934267766539,845.316281086675,0,,
844.530224214795,1.90937351756382,844.530224214795,0,,
843.74416734291,1.90940445111618,843.74416734291,0,,
842.95811047103,1.9094354787104,842.95811047103,0,,
842.172053599149,1.90946660073647,842.172053599149,0,,
841.385996727269,1.90949781758643,841.385996727269,0,,
840.599939855388,1.90952912965441,840.599939855388,0,,
839.813882983507,1.90956053733665,839.813882983507,0,,
839.027826111625,1.90959204103148,839.027826111625,0,,
838.241769239747,1.90962364113935,838.241769239747,0,,
837.455712367865,1.90965533806288,837.455712367865,0,,
836.669655495981,1.9096871322068,836.669655495981,0,,
835.883598624103,1.90971902397803,835.883598624103,0,,
835.097541752221,1.90975101378566,835.097541752221,0,,
834.311484880342,1.90978310204098,834.311484880342,0,,
833.525428008463,1.90981528915749,833.525428008463,0,,
832.739371136582,1.9098475755509,832.739371136582,0,,
831.9533142647,1.90987996163917,831.9533142647,0,,
831.16725739282,1.90991244784251,831.16725739282,0,,
830.381200520938,1.90994503458339,830.381200520938,0,,
829.595143649058,1.90997772228658,829.595143649058,0,,
828.809086777178,1.91001051137911,828.809086777178,0,,
828.023029905293,1.91004340229037,828.023029905293,0,,
827.236973033414,1.91007639545204,827.236973033414,0,,
826.450916161532,1.91010949129818,826.450916161532,0,,
825.664859289654,1.91014269026516,825.664859289654,0,,
824.878802417771,1.91017599279178,824.878802417771,0,,
824.092745545889,1.91020939931919,824.092745545889,0,,
823.30668867401,1.91024291029097,823.30668867401,0,,
822.52063180213,1.9102765261531,822.52063180213,0,,
821.734574930251,1.91031024735403,821.734574930251,0,,
820.94851805837,1.91034407434464,820.94851805837,0,,
820.162461186486,1.9103780075783,820.162461186486,0,,
819.376404314606,1.91041204751085,819.376404314606,0,,
818.590347442727,1.91044619460065,818.590347442727,0,,
817.804290570845,1.91048044930859,817.804290570845,0,,
817.018233698964,1.91051481209808,817.018233698964,0,,
816.232176827085,1.9105492834351,816.232176827085,0,,
815.446119955202,1.9105838637882,815.446119955202,0,,
814.66006308332,1.91061855362853,814.66006308332,0,,
813.874006211443,1.91065335342983,813.874006211443,0,,
813.08794933956,1.91068826366848,813.08794933956,0,,
812.301892467677,1.91072328482352,812.301892467677,0,,
811.5158355958,1.91075841737662,811.5158355958,0,,
810.729778723918,1.91079366181217,810.729778723918,0,,
809.943721852038,1.91082901861722,809.943721852038,0,,
809.157664980156,1.91086448828158,809.157664980156,0,,
808.371608108277,1.91090007129776,808.371608108277,0,,
807.585551236395,1.91093576816105,807.585551236395,0,,
806.799494364515,1.91097157936951,806.799494364515,0,,
806.013437492634,1.91100750542398,806.013437492634,0,,
805.227380620753,1.91104354682814,805.227380620753,0,,
804.441323748873,1.91107970408847,804.441323748873,0,,
803.655266876993,1.91111597771434,803.655266876993,0,,
802.869210005107,1.91115236821796,802.869210005107,0,,
802.083153133226,1.91118887611445,802.083153133226,0,,
801.297096261347,1.91122550192184,801.297096261347,0,,
800.511039389467,1.91126224616108,800.511039389467,0,,
799.724982517588,1.9112991093561,799.724982517588,0,,
798.938925645706,1.91133609203378,798.938925645706,0,,
798.152868773824,1.911373194724,798.152868773824,0,,
797.366811901942,1.91141041795966,797.366811901942,0,,
796.580755030062,1.9114477622767,796.580755030062,0,,
795.794698158181,1.9114852282141,795.794698158181,0,,
795.008641286302,1.91152281631395,795.008641286302,0,,
794.222584414419,1.91156052712141,794.222584414419,0,,
793.436527542541,1.91159836118479,793.436527542541,0,,
792.650470670659,1.91163631905552,792.650470670659,0,,
791.864413798776,1.91167440128821,791.864413798776,0,,
791.078356926897,1.91171260844068,791.078356926897,0,,
790.292300055019,1.91175094107392,790.292300055019,0,,
789.506243183135,1.91178939975218,789.506243183135,0,,
788.720186311255,1.91182798504298,788.720186311255,0,,
787.934129439375,1.9118666975171,787.934129439375,0,,
787.148072567491,1.91190553774864,787.148072567491,0,,
786.362015695614,1.91194450631501,786.362015695614,0,,
785.575958823734,1.91198360379699,785.575958823734,0,,
784.78990195185,1.91202283077873,784.78990195185,0,,
784.003845079969,1.91206218784779,784.003845079969,0,,
783.217788208091,1.91210167559513,783.217788208091,0,,
782.431731336207,1.91214129461519,782.431731336207,0,,
781.64567446433,1.91218104550587,781.64567446433,0,,
780.859617592444,1.91222092886856,780.859617592444,0,,
780.073560720567,1.9122609453082,780.073560720567,0,,
779.287503848686,1.91230109543326,779.287503848686,0,,
778.501446976804,1.91234137985579,778.501446976804,0,,
777.715390104922,1.91238179919145,777.715390104922,0,,
776.929333233042,1.91242235405951,776.929333233042,0,,
776.143276361163,1.91246304508293,776.143276361163,0,,
775.357219489281,1.91250387288832,775.357219489281,0,,
774.571162617402,1.912544838106,774.571162617402,0,,
773.785105745518,1.91258594137003,773.785105745518,0,,
772.999048873637,1.91262718331826,772.999048873637,0,,
772.212992001759,1.91266856459228,772.212992001759,0,,
771.426935129879,1.91271008583754,771.426935129879,0,,
770.640878257998,1.91275174770331,770.640878257998,0,,
769.854821386114,1.91279355084276,769.854821386114,0,,
769.068764514235,1.91283549591293,769.068764514235,0,,
768.282707642355,1.91287758357483,768.282707642355,0,,
767.496650770475,1.91291981449339,767.496650770475,0,,
766.710593898594,1.91296218933757,766.710593898594,0,,
765.924537026711,1.91300470878032,765.924537026711,0,,
765.138480154829,1.91304737349866,765.138480154829,0,,
764.352423282951,1.91309018417367,764.352423282951,0,,
763.566366411071,1.91313314149057,763.566366411071,0,,
762.780309539188,1.91317624613869,762.780309539188,0,,
761.994252667307,1.91321949881154,761.994252667307,0,,
761.208195795429,1.91326290020686,761.208195795429,0,,
760.422138923547,1.91330645102658,760.422138923547,0,,
759.636082051665,1.91335015197694,759.636082051665,0,,
758.850025179785,1.91339400376844,758.850025179785,0,,
758.063968307903,1.91343800711595,758.063968307903,0,,
757.277911436024,1.91348216273866,757.277911436024,0,,
756.491854564143,1.9135264713602,756.491854564143,0,,
755.70579769226,1.91357093370861,755.70579769226,0,,
754.919740820382,1.91361555051638,754.919740820382,0,,
754.133683948499,1.91366032252052,754.133683948499,0,,
753.347627076616,1.91370525046256,753.347627076616,0,,
752.561570204736,1.9137503350886,752.561570204736,0,,
751.775513332856,1.91379557714934,751.775513332856,0,,
750.989456460976,1.91384097740012,750.989456460976,0,,
750.203399589095,1.91388653660095,750.203399589095,0,,
749.417342717216,1.91393225551653,749.417342717216,0,,
748.631285845332,1.91397813491633,748.631285845332,0,,
747.845228973455,1.91402417557459,747.845228973455,0,,
747.059172101573,1.91407037827035,747.059172101573,0,,
746.273115229693,1.91411674378754,746.273115229693,0,,
745.487058357812,1.91416327291495,745.487058357812,0,,
744.701001485929,1.9142099664463,744.701001485929,0,,
743.91494461405,1.9142568251803,743.91494461405,0,,
743.128887742169,1.91430384992065,743.128887742169,0,,
742.342830870287,1.9143510414761,742.342830870287,0,,
741.556773998408,1.91439840066047,741.556773998408,0,,
740.770717126526,1.91444592829272,740.770717126526,0,,
739.984660254645,1.91449362519697,739.984660254645,0,,
739.198603382765,1.91454149220254,739.198603382765,0,,
738.412546510882,1.91458953014401,738.412546510882,0,,
737.626489639001,1.91463773986121,737.626489639001,0,,
736.840432767123,1.91468612219934,736.840432767123,0,,
736.054375895239,1.91473467800894,736.054375895239,0,,
735.268319023362,1.91478340814598,735.268319023362,0,,
734.48226215148,1.91483231347187,734.48226215148,0,,
733.696205279599,1.91488139485352,733.696205279599,0,,
732.910148407718,1.9149306531634,732.910148407718,0,,
732.124091535836,1.91498008927953,732.124091535836,0,,
731.338034663955,1.9150297040856,731.338034663955,0,,
730.551977792076,1.91507949847094,730.551977792076,0,,
729.765920920192,1.91512947333062,729.765920920192,0,,
728.979864048313,1.91517962956546,728.979864048313,0,,
728.193807176432,1.91522996808211,728.193807176432,0,,
727.407750304554,1.91528048979307,727.407750304554,0,,
726.621693432672,1.91533119561674,726.621693432672,0,,
725.83563656079,1.91538208647747,725.83563656079,0,,
725.04957968891,1.91543316330562,725.04957968891,0,,
724.263522817029,1.91548442703761,724.263522817029,0,,
723.477465945147,1.91553587861592,723.477465945147,0,,
722.691409073268,1.91558751898921,722.691409073268,0,,
721.905352201387,1.91563934911232,721.905352201387,0,,
721.119295329504,1.91569136994636,721.119295329504,0,,
720.333238457624,1.91574358245872,720.333238457624,0,,
719.547181585743,1.91579598762313,719.547181585743,0,,
718.761124713863,1.91584858641973,718.761124713863,0,,
717.975067841983,1.91590137983514,717.975067841983,0,,
717.189010970101,1.91595436886244,717.189010970101,0,,
716.402954098221,1.91600755450131,716.402954098221,0,,
715.616897226341,1.91606093775802,715.616897226341,0,,
714.830840354459,1.91611451964552,714.830840354459,0,,
714.044783482578,1.91616830118347,714.044783482578,0,,
713.258726610697,1.91622228339832,713.258726610697,0,,
712.472669738815,1.91627646732336,712.472669738815,0,,
711.686612866935,1.91633085399876,711.686612866935,0,,
710.900555995056,1.91638544447165,710.900555995056,0,,
710.114499123173,1.91644023979615,710.114499123173,0,,
709.328442251295,1.91649524103346,709.328442251295,0,,
708.542385379415,1.9165504492519,708.542385379415,0,,
707.75632850753,1.91660586552698,707.75632850753,0,,
706.970271635652,1.91666149094143,706.970271635652,0,,
706.184214763771,1.91671732658532,706.184214763771,0,,
705.398157891888,1.91677337355607,705.398157891888,0,,
704.612101020009,1.91682963295851,704.612101020009,0,,
703.826044148129,1.91688610590499,703.826044148129,0,,
703.039987276249,1.9169427935154,703.039987276249,0,,
702.253930404365,1.91699969691725,702.253930404365,0,,
701.467873532484,1.91705681724574,701.467873532484,0,,
700.681816660606,1.91711415564381,700.681816660606,0,,
699.895759788724,1.9171717132622,699.895759788724,0,,
699.109702916845,1.91722949125957,699.109702916845,0,,
698.323646044963,1.9172874908025,698.323646044963,0,,
697.537589173082,1.91734571306559,697.537589173082,0,,
696.751532301199,1.91740415923152,696.751532301199,0,,
695.965475429318,1.91746283049115,695.965475429318,0,,
695.179418557441,1.91752172804354,695.179418557441,0,,
694.393361685559,1.91758085309604,694.393361685559,0,,
693.607304813679,1.9176402068644,693.607304813679,0,,
692.821247941798,1.91769979057279,692.821247941798,0,,
692.035191069915,1.91775960545388,692.035191069915,0,,
691.249134198035,1.91781965274896,691.249134198035,0,,
690.463077326153,1.91787993370795,690.463077326153,0,,
689.677020454275,1.91794044958954,689.677020454275,0,,
688.890963582394,1.91800120166119,688.890963582394,0,,
688.104906710513,1.9180621911993,688.104906710513,0,,
687.31884983863,1.91812341948921,687.31884983863,0,,
686.532792966749,1.91818488782532,686.532792966749,0,,
685.746736094869,1.91824659751114,685.746736094869,0,,
684.960679222987,1.91830854985942,684.960679222987,0,,
684.174622351109,1.91837074619217,684.174622351109,0,,
683.388565479226,1.91843318784078,683.388565479226,0,,
682.602508607346,1.91849587614611,682.602508607346,0,,
681.816451735466,1.91855881245855,681.816451735466,0,,
681.030394863585,1.9186219981381,681.030394863585,0,,
680.244337991703,1.9186854345545,680.244337991703,0,,
679.458281119825,1.91874912308727,679.458281119825,0,,
678.672224247942,1.9188130651258,678.672224247942,0,,
677.88616737606,1.91887726206949,677.88616737606,0,,
677.100110504182,1.91894171532777,677.100110504182,0,,
676.314053632301,1.91900642632026,676.314053632301,0,,
675.527996760418,1.91907139647678,675.527996760418,0,,
674.741939888538,1.91913662723753,674.741939888538,0,,
673.955883016658,1.91920212005313,673.955883016658,0,,
673.169826144776,1.91926787638471,673.169826144776,0,,
672.383769272897,1.91933389770405,672.383769272897,0,,
671.597712401015,1.91940018549364,671.597712401015,0,,
670.811655529135,1.91946674124679,670.811655529135,0,,
670.025598657254,1.91953356646772,670.025598657254,0,,
669.239541785373,1.91960066267167,669.239541785373,0,,
668.453484913491,1.91966803138501,668.453484913491,0,,
667.66742804161,1.91973567414533,667.66742804161,0,,
666.881371169729,1.91980359250153,666.881371169729,0,,
666.09531429785,1.91987178801396,666.09531429785,0,,
665.309257425969,1.91994026225449,665.309257425969,0,,
664.523200554087,1.92000901680665,664.523200554087,0,,
663.737143682206,1.92007805326571,663.737143682206,0,,
662.951086810327,1.92014737323881,662.951086810327,0,,
662.165029938445,1.92021697834505,662.165029938445,0,,
661.378973066564,1.92028687021563,661.378973066564,0,,
660.592916194684,1.92035705049395,660.592916194684,0,,
659.806859322802,1.92042752083571,659.806859322802,0,,
659.020802450922,1.92049828290905,659.020802450922,0,,
658.234745579043,1.92056933839465,658.234745579043,0,,
657.448688707161,1.92064068898587,657.448688707161,0,,
656.662631835279,1.92071233638885,656.662631835279,0,,
655.876574963398,1.92078428232262,655.876574963398,0,,
655.090518091517,1.92085652851927,655.090518091517,0,,
654.304461219636,1.92092907672404,654.304461219636,0,,
653.518404347758,1.92100192869543,653.518404347758,0,,
652.732347475874,1.92107508620538,652.732347475874,0,,
651.946290603995,1.92114855103935,651.946290603995,0,,
651.160233732114,1.92122232499648,651.160233732114,0,,
650.374176860232,1.92129640988969,650.374176860232,0,,
649.588119988353,1.92137080754587,649.588119988353,0,,
648.802063116473,1.92144551980595,648.802063116473,0,,
648.016006244591,1.92152054852508,648.016006244591,0,,
647.229949372709,1.92159589557277,647.229949372709,0,,
646.443892500829,1.92167156283298,646.443892500829,0,,
645.657835628948,1.92174755220433,645.657835628948,0,,
644.871778757067,1.9218238656002,644.871778757067,0,,
644.085721885186,1.92190050494889,644.085721885186,0,,
643.299665013306,1.92197747219376,643.299665013306,0,,
642.513608141424,1.9220547692934,642.513608141424,0,,
641.727551269543,1.92213239822173,641.727551269543,0,,
640.941494397664,1.92221036096821,640.941494397664,0,,
640.155437525784,1.92228865953799,640.155437525784,0,,
639.3693806539,1.922367295952,639.3693806539,0,,
638.58332378202,1.9224462722472,638.58332378202,0,,
637.79726691014,1.92252559047667,637.79726691014,0,,
637.011210038261,1.92260525270981,637.011210038261,0,,
636.22515316638,1.92268526103248,636.22515316638,0,,
635.439096294497,1.92276561754721,635.439096294497,0,,
634.653039422618,1.92284632437331,634.653039422618,0,,
633.866982550736,1.92292738364707,633.866982550736,0,,
633.080925678857,1.92300879752194,633.080925678857,0,,
632.294868806974,1.92309056816869,632.294868806974,0,,
631.508811935094,1.9231726977756,631.508811935094,0,,
630.722755063214,1.92325518854863,630.722755063214,0,,
629.936698191332,1.9233380427116,629.936698191332,0,,
629.150641319451,1.92342126250638,629.150641319451,0,,
628.364584447571,1.92350485019308,628.364584447571,0,,
627.57852757569,1.92358880805023,627.57852757569,0,,
626.792470703808,1.92367313837497,626.792470703808,0,,
626.006413831927,1.92375784348326,626.006413831927,0,,
625.220356960048,1.92384292571004,625.220356960048,0,,
624.434300088168,1.92392838740948,624.434300088168,0,,
623.648243216285,1.92401423095515,623.648243216285,0,,
622.862186344406,1.92410045874021,622.862186344406,0,,
622.076129472523,1.92418707317766,622.076129472523,0,,
621.290072600643,1.9242740767005,621.290072600643,0,,
620.504015728763,1.92436147176198,620.504015728763,0,,
619.717958856883,1.9244492608358,619.717958856883,0,,
618.931901985002,1.92453744641633,618.931901985002,0,,
618.14584511312,1.92462603101883,618.14584511312,0,,
617.35978824124,1.92471501717967,617.35978824124,0,,
616.573731369359,1.92480440745655,616.573731369359,0,,
615.787674497477,1.92489420442877,615.787674497477,0,,
615.001617625596,1.9249844106974,615.001617625596,0,,
614.215560753715,1.92507502888557,614.215560753715,0,,
613.429503881836,1.92516606163868,613.429503881836,0,,
612.643447009956,1.92525751162463,612.643447009956,0,,
611.857390138074,1.92534938153413,611.857390138074,0,,
611.071333266191,1.92544167408087,611.071333266191,0,,
610.285276394313,1.92553439200181,610.285276394313,0,,
609.499219522431,1.92562753805744,609.499219522431,0,,
608.713162650551,1.92572111503204,608.713162650551,0,,
607.927105778671,1.92581512573392,607.927105778671,0,,
607.141048906789,1.92590957299572,607.141048906789,0,,
606.354992034909,1.92600445967464,606.354992034909,0,,
605.568935163026,1.92609978865276,605.568935163026,0,,
604.782878291147,1.92619556283728,604.782878291147,0,,
603.996821419266,1.92629178516083,603.996821419266,0,,
603.210764547384,1.92638845858174,603.210764547384,0,,
602.424707675503,1.92648558608431,602.424707675503,0,,
601.638650803622,1.92658317067917,601.638650803622,0,,
600.852593931741,1.92668121540351,600.852593931741,0,,
600.066537059863,1.92677972332141,600.066537059863,0,,
599.28048018798,1.92687869752415,599.28048018798,0,,
598.494423316099,1.92697814113053,598.494423316099,0,,
597.708366444218,1.92707805728717,597.708366444218,0,,
596.922309572338,1.92717844916881,596.922309572338,0,,
596.136252700458,1.9272793199787,596.136252700458,0,,
595.350195828577,1.92738067294886,595.350195828577,0,,
594.564138956695,1.92748251134046,594.564138956695,0,,
593.778082084816,1.92758483844416,593.778082084816,0,,
592.992025212934,1.9276876575804,592.992025212934,0,,
592.205968341055,1.92779097209984,592.205968341055,0,,
591.419911469172,1.92789478538363,591.419911469172,0,,
590.633854597292,1.92799910084384,590.633854597292,0,,
589.847797725412,1.92810392192376,589.847797725412,0,,
589.061740853531,1.92820925209833,589.061740853531,0,,
588.27568398165,1.9283150948745,588.27568398165,0,,
587.489627109769,1.92842145379159,587.489627109769,0,,
586.703570237887,1.92852833242169,586.703570237887,0,,
585.917513366008,1.92863573437009,585.917513366008,0,,
585.131456494125,1.92874366327563,585.131456494125,0,,
584.345399622244,1.92885212281114,584.345399622244,0,,
583.559342750365,1.92896111668384,583.559342750365,0,,
582.773285878485,1.92907064863576,582.773285878485,0,,
581.987229006602,1.92918072244419,581.987229006602,0,,
581.201172134722,1.92929134192208,581.201172134722,0,,
580.415115262842,1.9294025109185,580.415115262842,0,,
579.62905839096,1.92951423331908,579.62905839096,0,,
578.843001519081,1.92962651304647,578.843001519081,0,,
578.056944647199,1.92973935406081,578.056944647199,0,,
577.270887775317,1.92985276036017,577.270887775317,0,,
576.484830903436,1.92996673598107,576.484830903436,0,,
575.698774031558,1.93008128499892,575.698774031558,0,,
574.912717159675,1.93019641152855,574.912717159675,0,,
574.126660287794,1.93031211972468,574.126660287794,0,,
573.340603415914,1.93042841378247,573.340603415914,0,,
572.554546544035,1.93054529793798,572.554546544035,0,,
571.768489672153,1.93066277646876,571.768489672153,0,,
570.982432800271,1.93078085369432,570.982432800271,0,,
570.196375928391,1.93089953397674,570.196375928391,0,,
569.410319056511,1.93101882172117,569.410319056511,0,,
568.62426218463,1.93113872137641,568.62426218463,0,,
567.838205312749,1.93125923743551,567.838205312749,0,,
567.052148440868,1.93138037443629,567.052148440868,0,,
566.266091568986,1.931502136962,566.266091568986,0,,
565.480034697105,1.93162452964188,565.480034697105,0,,
564.693977825226,1.93174755715179,564.693977825226,0,,
563.907920953344,1.9318712242148,563.907920953344,0,,
563.121864081465,1.9319955356019,563.121864081465,0,,
562.335807209584,1.93212049613255,562.335807209584,0,,
561.549750337701,1.93224611067542,561.549750337701,0,,
560.763693465821,1.932372384149,560.763693465821,0,,
559.977636593939,1.93249932152231,559.977636593939,0,,
559.19157972206,1.9326269278156,559.19157972206,0,,
558.40552285018,1.93275520810103,558.40552285018,0,,
557.619465978299,1.93288416750339,557.619465978299,0,,
556.833409106417,1.93301381120087,556.833409106417,0,,
556.047352234537,1.93314414442576,556.047352234537,0,,
555.261295362656,1.93327517246524,555.261295362656,0,,
554.475238490774,1.93340690066213,554.475238490774,0,,
553.689181618894,1.93353933441569,553.689181618894,0,,
552.903124747014,1.93367247918243,552.903124747014,0,,
552.117067875132,1.9338063404769,552.117067875132,0,,
551.331011003252,1.93394092387257,551.331011003252,0,,
550.544954131371,1.93407623500264,550.544954131371,0,,
549.758897259489,1.93421227956091,549.758897259489,0,,
548.972840387608,1.93434906330268,548.972840387608,0,,
548.186783515729,1.93448659204565,548.186783515729,0,,
547.400726643849,1.93462487167081,547.400726643849,0,,
546.614669771967,1.93476390812342,546.614669771967,0,,
545.828612900086,1.93490370741392,545.828612900086,0,,
545.042556028205,1.93504427561893,545.042556028205,0,,
544.256499156323,1.93518561888226,544.256499156323,0,,
543.470442284445,1.93532774341588,543.470442284445,0,,
542.684385412562,1.93547065550099,542.684385412562,0,,
541.898328540683,1.93561436148906,541.898328540683,0,,
541.112271668802,1.93575886780291,541.112271668802,0,,
540.326214796921,1.93590418093783,540.326214796921,0,,
539.540157925039,1.93605030746267,539.540157925039,0,,
538.75410105316,1.93619725402103,538.75410105316,0,,
537.968044181279,1.93634502733239,537.968044181279,0,,
537.181987309398,1.93649363419333,537.181987309398,0,,
536.395930437516,1.93664308147876,536.395930437516,0,,
535.609873565635,1.93679337614317,535.609873565635,0,,
534.823816693755,1.93694452522189,534.823816693755,0,,
534.037759821873,1.93709653583241,534.037759821873,0,,
533.251702949994,1.93724941517572,533.251702949994,0,,
532.465646078112,1.93740317053768,532.465646078112,0,,
531.67958920623,1.93755780929039,531.67958920623,0,,
530.89353233435,1.93771333889366,530.89353233435,0,,
530.10747546247,1.93786976689644,530.10747546247,0,,
529.32141859059,1.93802710093834,529.32141859059,0,,
528.535361718709,1.93818534875117,528.535361718709,0,,
527.749304846828,1.93834451816045,527.749304846828,0,,
526.963247974947,1.9385046170871,526.963247974947,0,,
526.177191103067,1.93866565354904,526.177191103067,0,,
525.391134231185,1.93882763566285,525.391134231185,0,,
524.605077359305,1.93899057164558,524.605077359305,0,,
523.819020487423,1.93915446981642,523.819020487423,0,,
523.032963615542,1.93931933859862,523.032963615542,0,,
522.246906743661,1.93948518652124,522.246906743661,0,,
521.460849871781,1.93965202222115,521.460849871781,0,,
520.674792999901,1.93981985444495,520.674792999901,0,,
519.88873612802,1.93998869205098,519.88873612802,0,,
519.102679256139,1.94015854401139,519.102679256139,0,,
518.316622384258,1.94032941941425,518.316622384258,0,,
517.530565512376,1.94050132746572,517.530565512376,0,,
516.744508640497,1.94067427749232,516.744508640497,0,,
515.958451768616,1.94084827894317,515.958451768616,0,,
515.172394896734,1.94102334139238,515.172394896734,0,,
514.386338024854,1.9411994745415,514.386338024854,0,,
513.600281152972,1.94137668822196,513.600281152972,0,,
512.814224281092,1.94155499239768,512.814224281092,0,,
512.028167409212,1.9417343971677,512.028167409212,0,,
511.242110537331,1.94191491276889,511.242110537331,0,,
510.456053665449,1.94209654957876,510.456053665449,0,,
509.669996793569,1.94227931811834,509.669996793569,0,,
508.883939921688,1.94246322905518,508.883939921688,0,,
508.097883049807,1.94264829320637,508.097883049807,0,,
507.311826177926,1.94283452154173,507.311826177926,0,,
506.525769306045,1.94302192518709,506.525769306045,0,,
505.739712434165,1.94321051542761,505.739712434165,0,,
504.953655562284,1.9434003037113,504.953655562284,0,,
504.167598690403,1.94359130165262,504.167598690403,0,,
503.381541818522,1.94378352103615,503.381541818522,0,,
502.595484946642,1.94397697382045,502.595484946642,0,,
501.80942807476,1.94417167214207,501.80942807476,0,,
501.02337120288,1.9443676283196,501.02337120288,0,,
500.237314331,1.94456485485799,500.237314331,0,,
499.451257459118,1.94476336445293,499.451257459118,0,,
498.665200587237,1.94496316999541,498.665200587237,0,,
497.879143715357,1.94516428457652,497.879143715357,0,,
497.093086843476,1.94536672149234,497.093086843476,0,,
496.307029971595,1.94557049424905,496.307029971595,0,,
495.520973099715,1.94577561656827,495.520973099715,0,,
494.734916227833,1.94598210239259,494.734916227833,0,,
493.948859355954,1.94618996589129,493.948859355954,0,,
493.162802484072,1.94639922146639,493.162802484072,0,,
492.376745612191,1.94660988375883,492.376745612191,0,,
491.59068874031,1.94682196765504,491.59068874031,0,,
490.80463186843,1.94703548829367,490.80463186843,0,,
490.01857499655,1.94725046107277,490.01857499655,0,,
489.232518124668,1.94746690165712,489.232518124668,0,,
488.446461252787,1.94768482598607,488.446461252787,0,,
487.660404380907,1.94790425028163,487.660404380907,0,,
486.874347509026,1.94812519105699,486.874347509026,0,,
486.088290637145,1.94834766512548,486.088290637145,0,,
485.302233765264,1.94857168960993,485.302233765264,0,,
484.516176893384,1.9487972819526,484.516176893384,0,,
483.730120021503,1.9490244599255,483.730120021503,0,,
482.944063149622,1.9492532416414,482.944063149622,0,,
482.158006277742,1.94948364556536,482.158006277742,0,,
481.371949405861,1.94971569052694,481.371949405861,0,,
480.58589253398,1.94994939573313,480.58589253398,0,,
479.799835662098,1.950184780782,479.799835662098,0,,
479.013778790217,1.95042186567723,479.013778790217,0,,
478.227721918336,1.95066067084353,478.227721918336,0,,
477.441665046456,1.95090121714303,477.441665046456,0,,
476.655608174574,1.95114352589279,476.655608174574,0,,
475.869551302695,1.95138761888347,475.869551302695,0,,
475.083494430814,1.95163351839927,475.083494430814,0,,
474.297437558933,1.95188124723943,474.297437558933,0,,
473.511380687053,1.95213082874112,473.511380687053,0,,
472.725323815171,1.95238228680431,472.725323815171,0,,
471.93926694329,1.9526356459184,471.93926694329,0,,
471.15321007141,1.95289093119119,471.15321007141,0,,
470.367153199529,1.95314816838015,470.367153199529,0,,
469.581096327648,1.95340738392655,469.581096327648,0,,
468.795039455768,1.9536686049926,468.795039455768,0,,
468.008982583886,1.95393185950212,468.008982583886,0,,
467.222925712006,1.95419717618516,467.222925712006,0,,
466.436868840125,1.95446458462722,466.436868840125,0,,
465.650811968244,1.95473411532355,465.650811968244,0,,
464.864755096363,1.95500579973964,464.864755096363,0,,
464.078698224481,1.95527967037851,464.078698224481,0,,
463.292641352601,1.95555576085625,463.292641352601,0,,
462.506584480721,1.95583410598711,462.506584480721,0,,
461.72052760884,1.95611474187989,461.72052760884,0,,
460.934470736959,1.95639770604789,460.934470736959,0,,
460.148413865078,1.95668303753514,460.148413865078,0,,
459.362356993198,1.9569707770624,459.362356993198,0,,
458.576300121316,1.95726096719746,458.576300121316,0,,
457.790243249436,1.95755365255569,457.790243249436,0,,
457.004186377556,1.95784888003856,457.004186377556,0,,
456.218129505674,1.9581466991208,456.218129505674,0,,
455.432072633794,1.95844716220067,455.432072633794,0,,
454.646015761913,1.95875032503389,454.646015761913,0,,
453.859958890032,1.9590562472808,453.859958890032,0,,
453.07390201815,1.95936499321094,453.07390201815,0,,
452.287845146271,1.95967663263325,452.287845146271,0,,
451.501788274389,1.95999124216198,451.501788274389,0,,
450.715731402509,1.96030890700561,450.715731402509,0,,
449.929674530628,1.96062972362,449.929674530628,0,,
449.143617658747,1.96095380390378,449.143617658747,0,,
448.357560786867,1.96128128245895,448.357560786867,0,,
447.571503914986,1.961612331017,447.571503914986,0,,
446.785447043104,1.96194719522647,446.785447043104,0,,
445.999390171224,1.96228639841578,445.999390171224,4.71216091538724E-08,,
445.213333299343,1.96263033449604,445.213333299343,1.15673713058682E-06,,
444.427276427463,1.96297835057512,444.427276427463,3.73864759444185E-06,,
443.641219555582,1.963330183749,443.641219555582,7.80672958433832E-06,,
442.855162683701,1.96368568730213,442.855162683701,1.33739976315934E-05,,
442.06910581182,1.96404476209758,442.06910581182,2.04535522793892E-05,,
441.283048939938,1.96440733546261,441.283048939938,2.9058639787251E-05,,
440.496992068058,1.96477335165866,440.496992068058,3.9202681064625E-05,,
439.710935196177,1.96514276673799,439.710935196177,5.08992606807864E-05,,
438.924878324296,1.96551554544726,438.924878324296,6.4162129934737E-05,,
438.138821452416,1.96589165921812,438.138821452416,7.9005211869258E-05,,
437.352764580534,1.96627108478982,437.352764580534,9.54426039833272E-05,,
436.566707708654,1.96665380322437,436.566707708654,0.000113488580953246,,
435.780650836774,1.96703979917842,435.780650836774,0.000133157597690449,,
434.994593964892,1.96742906035038,434.994593964892,0.000154464293397164,,
434.208537093012,1.96782157705082,434.208537093012,0.000177423491484107,,
433.422480221131,1.96821734186255,433.422480221131,0.000202050207062012,,
432.63642334925,1.96861634936707,432.63642334925,0.000228359648200327,,
431.850366477369,1.96901859592161,431.850366477369,0.000256367218197612,,
431.064309605489,1.96942407947492,431.064309605489,0.000286088519941333,,
430.278252733607,1.96983279941376,430.278252733607,0.000317539360321214,,
429.492195861727,1.97024475643352,429.492195861727,0.0003507357523184,,
428.706138989847,1.97065995242844,428.706138989847,0.000385693918701854,,
427.920082117965,1.97107839039774,427.920082117965,0.00042243029668672,,
427.134025246084,1.97150007436478,427.134025246084,0.000460961540508967,,
426.347968374204,1.97192500930715,426.347968374204,0.00050130452559642,,
425.561911502323,1.97235320109571,425.561911502323,0.000543476352035771,,
424.775854630441,1.9727846564414,424.775854630441,0.000587494349479118,,
423.989797758562,1.97321938284851,423.989797758562,0.000633376079882888,,
423.203740886681,1.97365738857349,423.203740886681,0.000681139342407373,,
422.4176840148,1.97409868258854,422.4176840148,0.000730802177435447,,
421.631627142919,1.97454327454933,421.631627142919,0.000782382870247427,,
420.845570271038,1.97499117476635,420.845570271038,0.000835899955990988,,
420.059513399157,1.97544239417931,420.059513399157,0.000891372223794033,,
419.273456527276,1.97589694433438,419.273456527276,0.000948818721169293,,
418.487399655396,1.97635483736383,418.487399655396,0.00100825875869702,,
417.701342783515,1.97681608596778,417.701342783515,0.00106971191464542,,
416.915285911634,1.97728070339791,416.915285911634,0.00113319803971255,,
416.129229039753,1.97774870344288,416.129229039753,0.00119873726198993,,
415.343172167873,1.97822010041519,415.343172167873,0.00126634999157949,,
414.557115295991,1.97869490913957,414.557115295991,0.00133605692634575,,
413.771058424111,1.97917314494241,413.771058424111,0.00140787905621854,,
412.98500155223,1.97965482364251,412.98500155223,0.00148183766916292,,
412.198944680349,1.9801399615427,412.198944680349,0.00155795435598973,,
411.412887808469,1.98062857542242,411.412887808469,0.00163625101633439,,
410.626830936587,1.98112068253121,410.626830936587,0.00171674986406033,,
409.840774064707,1.98161630058288,409.840774064707,0.00179947343291337,,
409.054717192825,1.98211544775049,409.054717192825,0.00188444458255661,,
408.268660320945,1.98261814266186,408.268660320945,0.00197168650426757,,
407.482603449065,1.98312440439579,407.482603449065,0.00206122272732012,,
406.696546577184,1.98363425247881,406.696546577184,0.00215307712513094,,
405.910489705303,1.98414770688243,405.910489705303,0.00224727392152192,,
405.124432833422,1.9846647880209,405.124432833422,0.00234383769738256,,
404.338375961541,1.98518551674938,404.338375961541,0.00244279339714359,,
403.552319089661,1.98570991436258,403.552319089661,0.00254416633569219,,
402.766262217779,1.98623800259376,402.766262217779,0.00264798220532256,,
401.980205345898,1.98676980361416,401.980205345898,0.00275426708278767,,
401.194148474018,1.98730534003266,401.194148474018,0.00286304743637562,,
400.408091602136,1.98784463489594,400.408091602136,0.00297435013369603,,
399.622034730256,1.98838771168878,399.622034730256,0.00308820244889232,,
398.835977858376,1.98893459433479,398.835977858376,0.00320463207056539,,
398.049920986495,1.98948530719739,398.049920986495,0.00332366710966295,,
397.263864114613,1.99003987508097,397.263864114613,0.00344533610742355,,
396.477807242733,1.99059832323247,396.477807242733,0.00356966804396412,,
395.691750370853,1.99116067734305,395.691750370853,0.00369669234630965,,
394.905693498971,1.99172696355013,394.905693498971,0.0038264388974379,,
394.119636627091,1.99229720843953,394.119636627091,0.00395893804480443,,
393.33357975521,1.99287143904795,393.33357975521,0.00409422060960772,,
392.547522883329,1.99344968286559,392.547522883329,0.00423231789591976,,
391.761466011448,1.99403196783898,391.761466011448,0.00437326170020756,,
390.975409139567,1.99461832237406,390.975409139567,0.00451708432089668,,
390.189352267686,1.99520877533939,390.189352267686,0.00466381856846554,,
389.403295395806,1.99580335606956,389.403295395806,0.00481349777537051,,
388.617238523925,1.99640209436887,388.617238523925,0.00496615580651161,,
387.831181652044,1.99700502051504,387.831181652044,0.0051218270698412,,
387.045124780164,1.99761216526324,387.045124780164,0.005280546527178,,
386.259067908283,1.99822355985018,386.259067908283,0.0054423497053273,,
385.473011036401,1.99883923599848,385.473011036401,0.00560727270745684,,
384.686954164521,1.99945922592107,384.686954164521,0.00577535222469867,,
383.90089729264,2.0000835623259,383.90089729264,0.00594662554813105,,
383.11484042076,2.00071227842069,383.11484042076,0.00612113058077888,,
382.328783548879,2.00134540791792,382.328783548879,0.0062989058503635,,
381.542726676997,2.00198298503993,381.542726676997,0.00647999052188996,,
380.756669805117,2.0026250445242,380.756669805117,0.00666442441079423,,
379.970612933236,2.00327162162878,379.970612933236,0.00685224799633609,,
379.184556061355,2.00392275213786,379.184556061355,0.00704350243527709,,
378.398499189475,2.00457847236752,378.398499189475,0.00723822957604918,,
377.612442317594,2.00523881917158,377.612442317594,0.0074364719729687,,
376.826385445712,2.00590382994767,376.826385445712,0.00763827290123615,,
376.040328573832,2.00657354264337,376.040328573832,0.00784367637174322,,
375.254271701952,2.00724799576257,375.254271701952,0.00805272714677023,,
374.46821483007,2.00792722837195,374.46821483007,0.00826547075579111,,
373.68215795819,2.00861128010755,373.68215795819,0.0084819535116091,,
372.896101086309,2.00930019118162,372.896101086309,0.00870222252714604,,
372.110044214428,2.00999400238944,372.110044214428,0.00892632573253538,,
371.323987342547,2.01069275511649,371.323987342547,0.00915431189236929,,
370.537930470666,2.01139649134555,370.537930470666,0.00938623062391551,,
369.751873598786,2.01210525366412,369.751873598786,0.00962213241533495,,
368.965816726905,2.01281908527189,368.965816726905,0.0098620686444971,,
368.179759855024,2.01353802998841,368.179759855024,0.01010609159845,,
367.393702983144,2.01426213226083,367.393702983144,0.0103542544930397,,
366.607646111262,2.01499143717186,366.607646111262,0.0106066114933235,,
365.821589239382,2.01572599044786,365.821589239382,0.010863217734431,,
365.035532367501,2.016465838467,365.035532367501,0.0111241293427937,,
364.24947549562,2.01721102826773,364.24947549562,0.0113894034581747,,
363.463418623739,2.01796160755716,363.463418623739,0.0116590982561118,,
362.677361751859,2.01871762471981,362.677361751859,0.0119332729709636,,
361.891304879977,2.01947912882637,361.891304879977,0.0122119879195723,,
361.105248008097,2.02024616964264,361.105248008097,0.0124953045254871,,
360.319191136216,2.0210187976386,360.319191136216,0.0127832853439795,,
359.533134264335,2.02179706399766,359.533134264335,0.0130759940875028,,
358.747077392454,2.02258102062602,358.747077392454,0.0133734956519852,,
357.961020520573,2.02337072016216,357.961020520573,0.0136758561437138,,
357.174963648693,2.02416621598649,357.174963648693,0.0139831429070037,,
356.388906776812,2.02496756223118,356.388906776812,0.014295424552593,,
355.602849904931,2.02577481379005,355.602849904931,0.0146127709866971,,
354.81679303305,2.02658802632861,354.81679303305,0.0149352534410082,,
354.03073616117,2.02740725629436,354.03073616117,0.0152629445034053,,
353.244679289289,2.028232560927,353.244679289289,0.0155959181494329,,
352.458622417408,2.02906399826902,352.458622417408,0.0159342497747711,,
351.672565545527,2.02990162717624,351.672565545527,0.0162780162284847,,
350.886508673647,2.03074550732854,350.886508673647,0.0166272958472097,,
350.100451801765,2.03159569924078,350.100451801765,0.0169821684903133,,
349.314394929885,2.03245226427374,349.314394929885,0.0173427155759217,,
348.528338058003,2.03331526464523,348.528338058003,0.0177090201180664,,
347.742281186123,2.03418476344139,347.742281186123,0.0180811667647342,,
346.956224314243,2.03506082462797,346.956224314243,0.0184592418370733,,
346.170167442362,2.03594351306182,346.170167442362,0.0188433333696155,,
345.38411057048,2.03683289450249,345.38411057048,0.0192335311516825,,
344.5980536986,2.03772903562388,344.5980536986,0.0196299267699254,,
343.811996826719,2.03863200402606,343.811996826719,0.0200326136520163,,
343.025939954838,2.0395418682471,343.025939954838,0.020441687111667,,
342.239883082958,2.04045869777512,342.239883082958,0.0208572443948621,,
341.453826211076,2.04138256306027,341.453826211076,0.0212793847274118,,
340.667769339196,2.04231353552691,340.667769339196,0.0217082093638567,,
339.881712467315,2.04325168758582,339.881712467315,0.0221438216378004,,
339.095655595434,2.04419709264646,339.095655595434,0.0225863270136767,,
338.309598723554,2.04514982512931,338.309598723554,0.0230358331399933,,
337.523541851672,2.04610996047826,337.523541851672,0.023492449904112,,
336.737484979792,2.047077575173,336.737484979792,0.0239562894886576,,
335.951428107911,2.04805274674152,335.951428107911,0.0244274664295667,,
335.16537123603,2.0490355537725,335.16537123603,0.0249060976757457,,
334.379314364149,2.05002607592785,334.379314364149,0.0253923026506324,,
333.593257492268,2.05102439395514,333.593257492268,0.0258862033154079,,
332.807200620388,2.05203058970007,332.807200620388,0.0263879242342272,,
332.021143748507,2.05304474611883,332.021143748507,0.0268975926412365,,
331.235086876626,2.05406694729052,331.235086876626,0.0274153385097404,,
330.449030004745,2.05509727842941,330.449030004745,0.0279412946232751,,
329.662973132865,2.05613582589715,329.662973132865,0.0284755966489436,,
328.876916260984,2.05718267721487,328.876916260984,0.0290183832128968,,
328.090859389103,2.05823792107516,328.090859389103,0.0295697959780586,,
327.304802517222,2.05930164735393,327.304802517222,0.0301299797242969,,
326.518745645341,2.06037394712202,326.518745645341,0.0306990824309169,,
325.73268877346,2.0614549126567,325.73268877346,0.0312772553617991,,
324.94663190158,2.06254463745288,324.94663190158,0.031864653153018,,
324.160575029699,2.06364321623415,324.160575029699,0.0324614339032321,,
323.374518157818,2.06475074496343,323.374518157818,0.033067759266805,,
322.588461285937,2.06586732085339,322.588461285937,0.0336837945498679,,
321.802404414056,2.06699304237649,321.802404414056,0.0343097088092965,,
321.016347542176,2.0681280092746,321.016347542176,0.034945674954809,,
320.230290670295,2.06927232256828,320.230290670295,0.0355918698542333,,
319.444233798414,2.07042608456545,319.444233798414,0.0362484744420859,,
318.658176926534,2.0715893988697,318.658176926534,0.0369156738315529,,
317.872120054652,2.07276237038791,317.872120054652,0.0375936574300054,,
317.086063182771,2.07394510533728,317.086063182771,0.0382826190581733,,
316.300006310891,2.07513771125177,316.300006310891,0.0389827570731184,,
315.51394943901,2.07634029698766,315.51394943901,0.039694274495086,,
314.727892567129,2.07755297272848,314.727892567129,0.0404173791384439,,
313.941835695249,2.0787758499889,313.941835695249,0.0411522837468096,,
313.155778823368,2.08000904161784,313.155778823368,0.041899206132535,,
312.369721951487,2.08125266180051,312.369721951487,0.0426583693206603,,
311.583665079606,2.08250682605929,311.583665079606,0.0434300016975719,,
310.797608207725,2.08377165125358,310.797608207725,0.0442143371644665,,
310.011551335844,2.08504725557823,310.011551335844,0.0450116152957849,,
309.225494463964,2.08633375856069,309.225494463964,0.0458220815028997,,
308.439437592082,2.08763128105667,308.439437592082,0.0466459872030821,,
307.653380720202,2.0889399452442,307.653380720202,0.047483589994086,,
306.867323848321,2.090259874616,306.867323848321,0.048335153834467,,
306.08126697644,2.09159119397,306.08126697644,0.0492009492298591,,
305.29521010456,2.09293402939792,305.29521010456,0.050081253425429,,
304.509153232679,2.09428850827177,304.509153232679,0.0509763506047682,,
303.723096360798,2.095654759228,303.723096360798,0.0518865320953699,,
302.937039488917,2.0970329121493,302.937039488917,0.0528120965810054,,
302.150982617037,2.09842309814382,302.150982617037,0.053753350321233,,
301.364925745156,2.09982544952157,301.364925745156,0.0547106073782661,,
300.578868873275,2.10124009976783,300.578868873275,0.0556841898515253,,
299.792812001394,2.10266718351343,299.792812001394,0.0566744281200784,,
299.006755129513,2.10410683650162,299.006755129513,0.0576816610933413,,
298.220698257633,2.10555919555124,298.220698257633,0.0587062364702627,,
297.434641385751,2.10702439851608,297.434641385751,0.0597485110073603,,
296.648584513871,2.10850258424,296.648584513871,0.0608088507958902,,
295.86252764199,2.1099938925077,295.86252764199,0.0618876315485146,,
295.076470770109,2.11149846399062,295.076470770109,0.0629852388957956,,
294.290413898229,2.1130164401879,294.290413898229,0.0641020686928487,,
293.504357026348,2.1145479633618,293.504357026348,0.065238527336613,,
292.718300154467,2.11609317646744,292.718300154467,0.066395032093996,,
291.932243282586,2.1176522230763,291.932243282586,0.067572011441406,,
291.146186410705,2.11922524729314,291.146186410705,0.0687699054160036,,
290.360129538824,2.12081239366592,290.360129538824,0.0699891659791735,,
289.574072666944,2.1224138070882,289.574072666944,0.0712302573925486,,
288.788015795063,2.12402963269349,288.788015795063,0.0724936566071624,,
288.001958923182,2.12566001574113,288.001958923182,0.0737798536661137,,
287.215902051301,2.12730510149302,287.215902051301,0.075089352121271,,
286.42984517942,2.1289650350806,286.42984517942,0.0764226694644918,,
285.643788307539,2.13063996136154,285.643788307539,0.0777803375739105,,
284.857731435659,2.13233002476528,284.857731435659,0.0791629031757797,,
284.071674563778,2.13403536912687,284.071674563778,0.0805709283224618,,
283.285617691897,2.13575613750815,283.285617691897,0.0820049908871085,,
282.499560820016,2.1374924720056,282.499560820016,0.0834656850756027,,
281.713503948135,2.13924451354382,281.713503948135,0.0849536219564068,,
280.927447076254,2.1410124016538,280.927447076254,0.0864694300088803,,
280.141390204374,2.14279627423496,280.141390204374,0.0880137556907129,,
279.355333332493,2.14459626729981,279.355333332493,0.0895872640251616,,
278.569276460612,2.14641251470013,278.569276460612,0.0911906392086599,,
277.783219588732,2.1482451478335,277.783219588732,0.09282458523959,,
276.99716271685,2.15009429532877,276.99716271685,0.094489826568816,,
276.21110584497,2.15196008270917,276.21110584497,0.0961871087727279,,
275.425048973089,2.15384263203152,275.425048973089,0.0979171992494895,,
274.638992101208,2.15574206149999,274.638992101208,0.0996808879392474,,
273.852935229327,2.15765848505274,273.852935229327,0.101478988068976,,
273.066878357447,2.15959201191957,273.066878357447,0.103312336922773,,
272.280821485566,2.16154274614883,272.280821485566,0.105181796638301,,
271.494764613685,2.16351078610131,271.494764613685,0.10708825503012,,
270.708707741804,2.16549622390915,270.708707741804,0.109032626440704,,
269.922650869923,2.16749914489736,269.922650869923,0.111015852619844,,
269.136593998043,2.16951962696547,269.136593998043,0.113038903633168,,
268.350537126162,2.1715577399267,268.350537126162,0.115102778800555,,
267.564480254281,2.17361354480182,267.564480254281,0.11720850766508,,
266.7784233824,2.17568709306475,266.7784233824,0.119357150993209,,
265.992366510519,2.17777842583665,265.992366510519,0.1215498018069,,
265.206309638638,2.1798875730251,265.206309638638,0.123787586448198,,
264.420252766757,2.18201455240487,264.420252766757,0.126071665676923,,
263.634195894877,2.18415936863621,263.634195894877,0.128403235801929,,
262.848139022996,2.1863220122167,262.848139022996,0.130783529846423,,
262.062082151115,2.18850245836225,262.062082151115,0.133213818747657,,
261.276025279234,2.19070066581254,261.276025279234,0.135695412591331,,
260.489968407354,2.19291657555594,260.489968407354,0.138229661880825,,
259.703911535473,2.19515010946869,259.703911535473,0.140817958841329,,
258.917854663592,2.19740116886255,258.917854663592,0.143461738758782,,
258.131797791711,2.19966963293511,258.131797791711,0.146162481353323,,
257.34574091983,2.20195535711628,257.34574091983,0.148921712186848,,
256.55968404795,2.20425817130413,256.55968404795,0.151741004103972,,
255.773627176069,2.20657787798307,255.773627176069,0.154621978705514,,
254.987570304188,2.20891425021646,254.987570304188,0.157566307853297,,
254.201513432307,2.2112670295057,254.201513432307,0.160575715204789,,
253.415456560426,2.21363592350715,253.415456560426,0.163651977775703,,
252.629399688546,2.2160206035976,252.629399688546,0.166796927528346,,
251.843342816665,2.21842070227875,251.843342816665,0.170012452982975,,
251.057285944784,2.22083581041028,251.057285944784,0.173300500848992,,
250.271229072903,2.22326547426073,250.271229072903,0.176663077672194,,
249.485172201022,2.22570919236461,249.485172201022,0.180102251493684,,
248.699115329142,2.22816641217354,248.699115329142,0.183620153515327,,
247.913058457261,2.23063652648874,247.913058457261,0.187218979765898,,
247.12700158538,2.23311886966107,247.12700158538,0.190900992761071,,
246.340944713499,2.23561271354469,246.340944713499,0.194668523149593,,
245.554887841618,2.23811726318897,245.554887841618,0.198523971336704,,
244.768830969737,2.24063165225327,244.768830969737,0.202469809074821,,
243.982774097857,2.24315493812783,243.982774097857,0.206508581010072,,
243.196717225976,2.2456860967437,243.196717225976,0.210642906171773,,
242.410660354095,2.24822401705352,242.410660354095,0.214875479390374,,
241.624603482214,2.25076749516462,241.624603482214,0.219209072627452,,
240.838546610333,2.25331522810485,240.838546610333,0.223646536199511,,
240.052489738453,2.25586580720091,240.052489738453,0.228190799874902,,
239.266432866572,2.25841771104875,239.266432866572,0.232844873820977,,
238.480375994691,2.26096929805429,238.480375994691,0.237611849375733,,
237.69431912281,2.26351879852307,237.69431912281,0.242494899615373,,
236.908262250929,2.26606430627638,236.908262250929,0.24749727968598,,
236.122205379049,2.2686037697717,236.122205379049,0.252622326863928,,
235.336148507168,2.27113498270506,235.336148507168,0.257873460305906,,
234.550091635287,2.27365557407295,234.550091635287,0.263254180445185,,
233.764034763406,2.27616299767217,233.764034763406,0.268768067986251,,
232.977977891525,2.27865452101645,232.977977891525,0.274418782444994,,
232.191921019645,2.28112721364987,232.191921019645,0.280210060176312,,
231.405864147764,2.28357793483874,231.405864147764,0.286145711825299,,
230.619807275883,2.28600332062523,230.619807275883,0.292229619131924,,
229.833750404002,2.2883997702292,229.833750404002,0.298465731012597,,
229.047693532121,2.29076343178732,229.047693532121,0.304858058834936,,
228.261636660241,2.29309018742301,228.261636660241,0.311410670794508,,
227.47557978836,2.29537563764546,227.47557978836,0.318127685294527,,
226.689522916479,2.29761508508189,226.689522916479,0.325013263221066,,
225.903466044598,2.29980351755426,225.903466044598,0.3320715989977,,
225.117409172717,2.30193559052003,225.117409172717,0.339306910294575,,
224.331352300837,2.30400560890625,224.331352300837,0.346723426257613,,
219.615011069552,2.31475466335871,219.615011069552,0.39526232985365,,
218.828954197671,2.31619734717146,218.828954197671,0.404063362948622,,
218.04289732579,2.31751746282795,218.04289732579,0.413077823968624,,
217.256840453909,2.31870527559125,217.256840453909,0.422309193280559,,
216.470783582028,2.31975050246231,216.470783582028,0.431760727730894,,
215.684726710148,2.32064229409404,215.684726710148,0.441435421332449,,
214.898669838267,2.32136921799971,214.898669838267,0.451335962301109,,
214.112612966386,2.32191924342895,214.112612966386,0.461464686266391,,
213.326556094505,2.32227972833191,213.326556094505,0.471823525498298,,
212.540499222624,2.32243740888302,212.540499222624,0.482413954017701,,
211.754442350744,2.3223783920884,211.754442350744,0.493236928490257,,
210.968385478863,2.3220881520553,210.968385478863,0.504292824845563,,
210.182328606982,2.3215515305567,210.182328606982,0.515581370614754,,
209.396271735101,2.32075274257864,209.396271735101,0.527101573042722,,
208.610214863221,2.31967538758986,208.610214863221,0.538851643106157,,
207.82415799134,2.31830246732126,207.82415799134,0.550828915656939,,
207.038101119459,2.31661641088502,207.038101119459,0.563029766013077,,
206.252044247578,2.31459910809564,206.252044247578,0.575449523436462,,
205.465987375697,2.31223195187704,205.465987375697,0.588082382069017,,
204.679930503816,2.30949589064519,204.679930503816,0.600921310045926,,
203.893873631936,2.30637149154353,203.893873631936,0.613957957665495,,
203.107816760055,2.30283901537178,203.107816760055,0.627182565669092,,
202.321759888174,2.29887850398657,202.321759888174,0.640583874868232,,
201.535703016293,2.29446988085741,201.535703016293,0.654149038546864,,
200.749646144412,2.28959306533207,200.749646144412,0.667863539260348,,
199.963589272532,2.2842281009967,199.963589272532,0.681711111842815,,
199.177532400651,2.27835529830491,199.177532400651,0.695673674615531,,
198.39147552877,2.27195539139496,198.39147552877,0.709731270951377,,
197.605418656889,2.26500970871422,197.605418656889,0.723862023486458,,
196.819361785008,2.25750035672618,196.819361785008,0.738042103368307,,
196.033304913128,2.24941041559062,196.033304913128,0.75224571698054,,
195.247248041247,2.24072414528788,195.247248041247,0.766445112574876,,
194.461191169366,2.2314272002118,194.461191169366,0.780610609162295,,
193.675134297485,2.22150684979411,193.675134297485,0.794710649855481,,
192.889077425604,2.21095220225986,192.889077425604,0.808711881606364,,
192.103020553724,2.19975442816721,192.103020553724,0.822579262939323,,
191.316963681843,2.18790697997333,191.316963681843,0.836276200839846,,
